Type,Name,Request Count,Failure Count,Median Response Time,Average Response Time,Min Response Time,Max Response Time,Average Content Size,Requests/s,Failures/s,50%,66%,75%,80%,90%,95%,98%,99%,99.9%,99.99%,100%
GET,/api/v2/pokemon/ditto,458,270,18000.0,14490.175875544985,735.7515000039712,23204.346799990162,10059.64192139738,16.78155604749064,9.89305705856435,18000,19000,19000,21000,21000,23000,23000,23000,23000,23000,23000
,Aggregated,458,270,18000.0,14490.175875544985,735.7515000039712,23204.346799990162,10059.64192139738,16.78155604749064,9.89305705856435,18000,19000,19000,21000,21000,23000,23000,23000,23000,23000,23000
